{
    "malware6.js-ff7fc898040e9c1321483eee5253ad8e61c25b48": 0.84375,
    "malware5.js-ba1f5622b657c0842cc6fedcd6ad93c11de21f94": 1.1851851851851851,
    "malware2.js-918428b4078a4f31a6619df624180f021d581d14": 1.0344827586206897,
    "shell1.js-74d046f36ed88383dbf6d0101b1711c6be89718c": 0.0,
    "malware3.js-86884a42e41a41cd3bb86b2853a01cf473f831a1": 1.0344827586206897,
    "zware6.js-f1abcd1f7670b2f4e4080386cf5ef74af91d97c2": 0.6857142857142857,
    "revshell1.yar-c9c2ef219bde8dff3211043f81b8692cca6942f3": 0.0,
    "revshell.yara-49ea2902e46ebaf02ffa5dc585c08057ea214ff9": 0.6388888888888888,
    "malware4.js-10554e5d0cee24cde496e2a850f9fdd2fecb5ff6": 1.4583333333333333,
    "shell.js-446ff77824197d69f695cecebf8600d43fbcb12b": 0.0,
    "malware1.js-86884a42e41a41cd3bb86b2853a01cf473f831a1": 1.0344827586206897
}